city_name,month,median_contract_rent_per_sqm,weighted_median_contract_rent_per_sqm,pct_income_region_bedrooms_category
Barueri,2019-06-01,36.97940111755857,37.2463003679388,0.4305550532
Barueri,2019-07-01,37.41144428951583,37.59990918438655,0.4305550532
Barueri,2019-08-01,40.30753280901938,40.50950362451807,0.4305550532
Barueri,2019-09-01,39.953737514236536,40.08221166241689,0.4305550532
Barueri,2019-10-01,37.67359706178199,37.914439731810155,0.4305550532
Barueri,2019-11-01,34.372761901762736,34.66171783112517,0.4305550532
Barueri,2019-12-01,35.193811732017835,35.607244214164595,0.4305550532
Barueri,2020-01-01,35.9487704136652,36.322104102401724,0.4305550532
Barueri,2020-02-01,36.94373750866173,37.19985590258327,0.4305550532
Barueri,2020-03-01,39.082299926050894,39.3474289885266,0.4305550532
Barueri,2020-04-01,41.838024218359706,42.223568728314824,0.4305550532
Barueri,2020-05-01,41.259097266605536,41.50989345747208,0.4305550532
Barueri,2020-06-01,40.211478218986485,40.36119391984619,0.4305550532
Barueri,2020-07-01,38.67784485312831,38.792105302914464,0.4305550532
Barueri,2020-08-01,38.82755538232,39.10042936818345,0.4305550532
Barueri,2020-09-01,37.73356322457997,38.02469526592515,0.4305550532
Barueri,2020-10-01,38.493862381463565,38.66641822664554,0.4305550532
Barueri,2020-11-01,39.005666129252845,39.178168608680856,0.4305550532
Barueri,2020-12-01,38.64368650686081,38.75218350599638,0.4305550532
Barueri,2021-01-01,38.230024267771626,38.53356807753624,0.4305550532
Barueri,2021-02-01,38.61554638706711,38.904855925777156,0.4305550532
Barueri,2021-03-01,42.84189441180223,43.03829696467425,0.4305550532
Barueri,2021-04-01,42.38550161387053,42.39381714334349,0.4305550532
Barueri,2021-05-01,42.429799523852594,42.439539093503726,0.4305550532
Barueri,2021-06-01,38.93370432225467,39.087796017249566,0.4305550532
Barueri,2021-07-01,40.15068411360443,40.35318384582396,0.4305550532
Barueri,2021-08-01,41.82185121602167,42.085676718762215,0.4305550532
Barueri,2021-09-01,44.88387898119506,45.14203499127743,0.4305550532
Barueri,2021-10-01,45.46387728556653,45.72700434395655,0.4305550532
Barueri,2021-11-01,44.987682006096506,45.210851203035524,0.4305550532
Barueri,2021-12-01,42.9742973048851,43.21425434760106,0.4305550532
Barueri,2022-01-01,43.61828388462707,43.99234829427962,0.4305550532
Barueri,2022-02-01,45.01403884761963,45.32437808347968,0.4305550532
Barueri,2022-03-01,48.0188522632595,48.320463566674206,0.4305550532
Barueri,2022-04-01,50.16863042203882,50.349481644686016,0.4305550532
Barueri,2022-05-01,50.803729703087924,50.91117930463344,0.4305550532
Barueri,2022-06-01,51.28417479215865,51.23216273946551,0.4305550532
Barueri,2022-07-01,54.089577489092434,54.045335927454815,0.4305550532
Barueri,2022-08-01,56.480215070298236,56.616462689974384,0.4305550532
Barueri,2022-09-01,55.966625227440105,56.37233797074751,0.4305550532
Barueri,2022-10-01,53.731166672926186,54.319361150116364,0.4305550532
Barueri,2022-11-01,53.356366735044006,53.77541430786121,0.4305550532
Barueri,2022-12-01,54.68416950775352,55.01076500695557,0.4305550532
Niterói,2019-06-01,16.838416657454765,18.369872512562285,0.4997809962
Niterói,2019-07-01,16.475396271392327,18.25113635930609,0.4997809962
Niterói,2019-08-01,16.114753207038227,17.866091781519874,0.4997809962
Niterói,2019-09-01,15.816788698816229,17.352987561719324,0.4997809962
Niterói,2019-10-01,16.476848738678587,17.619822973904164,0.4997809962
Niterói,2019-11-01,16.47871127700279,17.33954115533703,0.4997809962
Niterói,2019-12-01,15.939945063965288,16.62492673485919,0.4997809962
Niterói,2020-01-01,15.519010674805031,16.187539568709738,0.4997809962
Niterói,2020-02-01,15.578818636451228,16.66724118715302,0.4997809962
Niterói,2020-03-01,16.185370091532096,17.47220085000935,0.4997809962
Niterói,2020-04-01,16.20123667182491,17.609944965505356,0.4997809962
Niterói,2020-05-01,16.33228549228549,17.58084582475735,0.4997809962
Niterói,2020-06-01,16.79464000715756,17.819503825401718,0.4997809962
Niterói,2020-07-01,16.952233686460083,18.215953269906908,0.4997809962
Niterói,2020-08-01,17.250539830902213,18.43161422714849,0.4997809962
Niterói,2020-09-01,16.51064520344946,17.74376927645153,0.4997809962
Niterói,2020-10-01,16.53061449323368,17.27897546238114,0.4997809962
Niterói,2020-11-01,16.160712941847642,16.72427439604201,0.4997809962
Niterói,2020-12-01,16.687655588499048,17.5894071301035,0.4997809962
Niterói,2021-01-01,16.726764836084527,17.753637578927744,0.4997809962
Niterói,2021-02-01,17.079143278653923,18.57943885586525,0.4997809962
Niterói,2021-03-01,16.965840372924205,18.367568365020393,0.4997809962
Niterói,2021-04-01,17.270514131174608,18.835199500343673,0.4997809962
Niterói,2021-05-01,16.64684725360821,17.98367414284822,0.4997809962
Niterói,2021-06-01,16.58229736353487,17.877733399289376,0.4997809962
Niterói,2021-07-01,16.188911665242408,17.54456102680207,0.4997809962
Niterói,2021-08-01,16.71498352639937,18.271381711148813,0.4997809962
Niterói,2021-09-01,16.767778295476212,18.3927129701274,0.4997809962
Niterói,2021-10-01,16.858672018758238,18.565525067894512,0.4997809962
Niterói,2021-11-01,17.116752232513203,18.91576125891821,0.4997809962
Niterói,2021-12-01,18.00460386236483,19.937062066691755,0.4997809962
Niterói,2022-01-01,18.669945945552907,20.896753515046235,0.4997809962
Niterói,2022-02-01,18.602816351720527,20.46959295543267,0.4997809962
Niterói,2022-03-01,18.835182445829297,20.776828881903548,0.4997809962
Niterói,2022-04-01,19.534982653930765,20.82963277679639,0.4997809962
Niterói,2022-05-01,20.065621894864126,21.580194152278477,0.4997809962
Niterói,2022-06-01,19.74003642934535,21.095936980687913,0.4997809962
Niterói,2022-07-01,19.05682390154368,20.98593505187843,0.4997809962
Niterói,2022-08-01,18.936934936360597,20.83738480247827,0.4997809962
Niterói,2022-09-01,19.21958891093069,20.98345845606102,0.4997809962
Niterói,2022-10-01,20.168233496958987,21.59436396210024,0.4997809962
Niterói,2022-11-01,20.81986101792237,21.94489747864611,0.4997809962
Niterói,2022-12-01,21.499974717071872,22.94465872053195,0.4997809962
Osasco,2019-06-01,37.71193788506401,39.47356060555689,0.4484136996
Osasco,2019-07-01,37.75425314124485,39.49673699794494,0.4484136996
Osasco,2019-08-01,36.473889746279305,37.9497250054985,0.4484136996
Osasco,2019-09-01,35.422604847131986,36.757808719025604,0.4484136996
Osasco,2019-10-01,34.80660968229251,36.02417182714794,0.4484136996
Osasco,2019-11-01,35.133991502225825,36.4519867740386,0.4484136996
Osasco,2019-12-01,34.039756222562666,35.20969963883702,0.4484136996
Osasco,2020-01-01,32.528767350612696,33.486099562033274,0.4484136996
Osasco,2020-02-01,31.863007581653847,32.61837792577833,0.4484136996
Osasco,2020-03-01,32.8521937104346,33.688966261485405,0.4484136996
Osasco,2020-04-01,33.79678371217141,34.75594931559673,0.4484136996
Osasco,2020-05-01,34.30225315604652,35.38311401858967,0.4484136996
Osasco,2020-06-01,33.40100960109157,34.37375342794234,0.4484136996
Osasco,2020-07-01,31.575619875815658,32.49691368616049,0.4484136996
Osasco,2020-08-01,30.368175550322093,31.214895123346388,0.4484136996
Osasco,2020-09-01,29.81425591803641,30.632449865685036,0.4484136996
Osasco,2020-10-01,30.52293025242048,31.339221490681584,0.4484136996
Osasco,2020-11-01,30.342930658695394,31.23906761661149,0.4484136996
Osasco,2020-12-01,31.354152007751324,32.39929702944496,0.4484136996
Osasco,2021-01-01,30.293827404711497,31.170187970809867,0.4484136996
Osasco,2021-02-01,30.793922951865866,31.607173534195727,0.4484136996
Osasco,2021-03-01,31.37039315917328,32.198934606091626,0.4484136996
Osasco,2021-04-01,33.29220940686519,34.382524281640784,0.4484136996
Osasco,2021-05-01,32.87863100301487,33.939426371132285,0.4484136996
Osasco,2021-06-01,32.12209497557398,33.01153634564072,0.4484136996
Osasco,2021-07-01,32.385732005963085,33.198910932906124,0.4484136996
Osasco,2021-08-01,34.05062029023512,35.092713245134654,0.4484136996
Osasco,2021-09-01,34.76721172866345,36.007374432217105,0.4484136996
Osasco,2021-10-01,34.40087619922171,35.724627563630314,0.4484136996
Osasco,2021-11-01,34.53487237077271,35.749221912955804,0.4484136996
Osasco,2021-12-01,34.76067625790943,35.881246637461885,0.4484136996
Osasco,2022-01-01,35.62127544670087,36.7641101851117,0.4484136996
Osasco,2022-02-01,35.765806334684136,36.869672094070054,0.4484136996
Osasco,2022-03-01,37.36901279784797,38.552766382130386,0.4484136996
Osasco,2022-04-01,37.164273122219235,38.1871160014945,0.4484136996
Osasco,2022-05-01,37.277056913699454,38.28344869425446,0.4484136996
Osasco,2022-06-01,36.69249027971011,37.74146016494778,0.4484136996
Osasco,2022-07-01,37.01485587837305,38.29956797748131,0.4484136996
Osasco,2022-08-01,37.36577663225464,38.66959206996646,0.4484136996
Osasco,2022-09-01,37.08856878028831,38.24110297666536,0.4484136996
Osasco,2022-10-01,37.08017776270461,37.98612891650134,0.4484136996
Osasco,2022-11-01,36.909698309288835,37.73536755512671,0.4484136996
Osasco,2022-12-01,37.561799714452135,38.45295634752674,0.4484136996
Rio de Janeiro,2019-06-01,29.993665760551014,32.470327465980475,0.5256798341
Rio de Janeiro,2019-07-01,29.21791047407765,31.67997784286111,0.5256798341
Rio de Janeiro,2019-08-01,29.45528713682479,31.955177173032236,0.5256798341
Rio de Janeiro,2019-09-01,29.25532737656765,31.669299134403893,0.5256798341
Rio de Janeiro,2019-10-01,28.848893001662557,31.076674632772587,0.5256798341
Rio de Janeiro,2019-11-01,28.07908805600426,30.241193089887204,0.5256798341
Rio de Janeiro,2019-12-01,27.532982007957372,29.81398904386109,0.5256798341
Rio de Janeiro,2020-01-01,27.798510550251894,30.282173872594132,0.5256798341
Rio de Janeiro,2020-02-01,27.727937333268766,30.207835391661074,0.5256798341
Rio de Janeiro,2020-03-01,27.865330602735085,30.373082007757564,0.5256798341
Rio de Janeiro,2020-04-01,27.620180240839236,30.12379455225383,0.5256798341
Rio de Janeiro,2020-05-01,27.5512710245438,29.80518068385657,0.5256798341
Rio de Janeiro,2020-06-01,26.986375415337754,29.03874590774224,0.5256798341
Rio de Janeiro,2020-07-01,26.617909816249437,28.45586435283596,0.5256798341
Rio de Janeiro,2020-08-01,26.43591402731757,28.36478195155058,0.5256798341
Rio de Janeiro,2020-09-01,26.879970523157706,28.835446979999595,0.5256798341
Rio de Janeiro,2020-10-01,27.171392301108718,29.26801348867976,0.5256798341
Rio de Janeiro,2020-11-01,27.048673548356227,29.083665965773143,0.5256798341
Rio de Janeiro,2020-12-01,27.028818095624118,29.065665271374776,0.5256798341
Rio de Janeiro,2021-01-01,27.00187440540235,28.939814329663708,0.5256798341
Rio de Janeiro,2021-02-01,27.196526065518565,29.253068142621295,0.5256798341
Rio de Janeiro,2021-03-01,27.60170223063277,29.718537458221505,0.5256798341
Rio de Janeiro,2021-04-01,27.807305365271304,29.810579616992428,0.5256798341
Rio de Janeiro,2021-05-01,28.13545487119797,29.955019987973024,0.5256798341
Rio de Janeiro,2021-06-01,27.932132528997307,29.53281705241762,0.5256798341
Rio de Janeiro,2021-07-01,27.73171535901338,29.496057266036395,0.5256798341
Rio de Janeiro,2021-08-01,27.63442832721502,29.42530245102094,0.5256798341
Rio de Janeiro,2021-09-01,27.81129961226524,29.668232582757593,0.5256798341
Rio de Janeiro,2021-10-01,28.22469160961445,30.028006157996824,0.5256798341
Rio de Janeiro,2021-11-01,28.68624991874277,30.668853671575683,0.5256798341
Rio de Janeiro,2021-12-01,28.87768448378136,30.913215542549107,0.5256798341
Rio de Janeiro,2022-01-01,29.11423214481068,31.188051513851914,0.5256798341
Rio de Janeiro,2022-02-01,29.43873268933279,31.559026421628207,0.5256798341
Rio de Janeiro,2022-03-01,30.22756179775585,32.40618990771237,0.5256798341
Rio de Janeiro,2022-04-01,30.77395819561628,33.10991088892074,0.5256798341
Rio de Janeiro,2022-05-01,31.453746082280905,33.66830698821008,0.5256798341
Rio de Janeiro,2022-06-01,31.630074672611343,33.85640744084718,0.5256798341
Rio de Janeiro,2022-07-01,32.19093851593118,34.361615558964374,0.5256798341
Rio de Janeiro,2022-08-01,32.29871789326807,34.70703138148319,0.5256798341
Rio de Janeiro,2022-09-01,32.56656041999844,34.94092830628919,0.5256798341
Rio de Janeiro,2022-10-01,32.943103084021296,35.21842365470972,0.5256798341
Rio de Janeiro,2022-11-01,33.50749015262112,35.707090407553586,0.5256798341
Rio de Janeiro,2022-12-01,33.8785125694014,36.2048860154094,0.5256798341
São Bernardo do Campo,2019-06-01,18.988755408284515,18.60652225184369,0.420171207
São Bernardo do Campo,2019-07-01,18.854279887251828,18.6090729301374,0.420171207
São Bernardo do Campo,2019-08-01,19.08122578255155,19.01088666846617,0.420171207
São Bernardo do Campo,2019-09-01,18.73209221378264,19.00305667354572,0.420171207
São Bernardo do Campo,2019-10-01,18.640564534424318,18.569709972133744,0.420171207
São Bernardo do Campo,2019-11-01,17.886353474387423,17.609852130204747,0.420171207
São Bernardo do Campo,2019-12-01,17.311417680036403,16.921961492803167,0.420171207
São Bernardo do Campo,2020-01-01,16.72717883403227,16.55363735306898,0.420171207
São Bernardo do Campo,2020-02-01,17.545192544452856,17.351759025957683,0.420171207
São Bernardo do Campo,2020-03-01,17.58436873863558,17.336163227772634,0.420171207
São Bernardo do Campo,2020-04-01,17.456429579047178,17.181662767294185,0.420171207
São Bernardo do Campo,2020-05-01,16.549296179211996,16.22055908919726,0.420171207
São Bernardo do Campo,2020-06-01,16.451018569064814,15.845295900618062,0.420171207
São Bernardo do Campo,2020-07-01,17.05650688468527,16.20982102795458,0.420171207
São Bernardo do Campo,2020-08-01,17.430764736641837,16.40432901064287,0.420171207
São Bernardo do Campo,2020-09-01,18.212675069586957,17.5982915203034,0.420171207
São Bernardo do Campo,2020-10-01,17.914096779688638,17.603182961380273,0.420171207
São Bernardo do Campo,2020-11-01,18.020741960836233,17.730571847975316,0.420171207
São Bernardo do Campo,2020-12-01,18.356441953473286,17.56105395432458,0.420171207
São Bernardo do Campo,2021-01-01,19.115872097821203,18.13689014922096,0.420171207
São Bernardo do Campo,2021-02-01,19.54388054629066,19.037088912512505,0.420171207
São Bernardo do Campo,2021-03-01,19.8749318968299,19.60066554192153,0.420171207
São Bernardo do Campo,2021-04-01,19.7290138584776,19.508335342112414,0.420171207
São Bernardo do Campo,2021-05-01,19.841202000533,19.31142416035232,0.420171207
São Bernardo do Campo,2021-06-01,19.375831723726858,18.95717399622033,0.420171207
São Bernardo do Campo,2021-07-01,19.601593406249133,19.253590548574675,0.420171207
São Bernardo do Campo,2021-08-01,19.897039623083938,19.626299773119957,0.420171207
São Bernardo do Campo,2021-09-01,20.199064506248245,19.644955490980106,0.420171207
São Bernardo do Campo,2021-10-01,20.29214087373892,19.74042773902313,0.420171207
São Bernardo do Campo,2021-11-01,20.093717409178982,19.49641683589044,0.420171207
São Bernardo do Campo,2021-12-01,20.10113985105741,19.67028135785932,0.420171207
São Bernardo do Campo,2022-01-01,20.43381142028833,19.951155356008876,0.420171207
São Bernardo do Campo,2022-02-01,20.46848862729652,20.14460166265122,0.420171207
São Bernardo do Campo,2022-03-01,20.89660350105296,20.45227710328959,0.420171207
São Bernardo do Campo,2022-04-01,20.558572990590534,20.11751438526552,0.420171207
São Bernardo do Campo,2022-05-01,21.333259572486174,20.60562652470406,0.420171207
São Bernardo do Campo,2022-06-01,21.312177610024435,20.593719089537856,0.420171207
São Bernardo do Campo,2022-07-01,22.399862607017575,21.20274459533053,0.420171207
São Bernardo do Campo,2022-08-01,22.850837841956064,21.50439884026058,0.420171207
São Bernardo do Campo,2022-09-01,23.404073412752048,22.12943483488276,0.420171207
São Bernardo do Campo,2022-10-01,23.694676680265815,22.54329898237704,0.420171207
São Bernardo do Campo,2022-11-01,22.6629531643467,21.77083993251358,0.420171207
São Bernardo do Campo,2022-12-01,22.70893094749743,21.929830142082537,0.420171207
São Paulo,2019-06-01,36.53855662679841,38.42390386678664,0.6936001632
São Paulo,2019-07-01,36.39338800214246,38.252418716440786,0.6936001632
São Paulo,2019-08-01,36.58266565439076,38.34767960455513,0.6936001632
São Paulo,2019-09-01,37.01332775211128,38.622517303067035,0.6936001632
São Paulo,2019-10-01,37.052710534433054,38.4808921082853,0.6936001632
São Paulo,2019-11-01,36.32730670263274,37.751943792497514,0.6936001632
São Paulo,2019-12-01,36.031302801194904,37.46710120655447,0.6936001632
São Paulo,2020-01-01,36.16896438699193,37.79969887435187,0.6936001632
São Paulo,2020-02-01,36.753325210439954,38.56380228737557,0.6936001632
São Paulo,2020-03-01,37.10266419429426,39.05072177583815,0.6936001632
São Paulo,2020-04-01,37.060270804857204,39.01634629446155,0.6936001632
São Paulo,2020-05-01,36.43733113805332,38.00084685958038,0.6936001632
São Paulo,2020-06-01,35.83959687533885,37.20998407604533,0.6936001632
São Paulo,2020-07-01,35.23233963648316,36.468502844015575,0.6936001632
São Paulo,2020-08-01,34.69523275407674,36.17466729574562,0.6936001632
São Paulo,2020-09-01,34.16635637167526,35.618157396996146,0.6936001632
São Paulo,2020-10-01,34.08323802922689,35.45741282494741,0.6936001632
São Paulo,2020-11-01,34.185282122429165,35.4204187197465,0.6936001632
São Paulo,2020-12-01,34.16341588307035,35.433720342881536,0.6936001632
São Paulo,2021-01-01,34.46517391391868,35.80594783880299,0.6936001632
São Paulo,2021-02-01,34.747245089670535,36.16184723475303,0.6936001632
São Paulo,2021-03-01,35.171007349080114,36.646407958078555,0.6936001632
São Paulo,2021-04-01,34.67038181486458,35.96394060065043,0.6936001632
São Paulo,2021-05-01,34.18180778311788,35.3467054294759,0.6936001632
São Paulo,2021-06-01,33.90006874173961,34.899366805949434,0.6936001632
São Paulo,2021-07-01,33.93411251751732,34.95389125322213,0.6936001632
São Paulo,2021-08-01,33.95798463198888,34.956165505311844,0.6936001632
São Paulo,2021-09-01,34.080510472521794,35.08257703268056,0.6936001632
São Paulo,2021-10-01,34.33345452680658,35.429082936109594,0.6936001632
São Paulo,2021-11-01,34.83603335513243,35.97689362072739,0.6936001632
São Paulo,2021-12-01,35.445384271265425,36.54900740354239,0.6936001632
São Paulo,2022-01-01,36.34103256533699,37.48118019562801,0.6936001632
São Paulo,2022-02-01,37.147615668217426,38.35996169305214,0.6936001632
São Paulo,2022-03-01,37.606816225298395,39.00675676184019,0.6936001632
São Paulo,2022-04-01,38.14328271366752,39.51006564241857,0.6936001632
São Paulo,2022-05-01,38.2488386963363,39.74849252654137,0.6936001632
São Paulo,2022-06-01,38.50141908569911,40.10078160985919,0.6936001632
São Paulo,2022-07-01,38.52720758634924,40.21505101187178,0.6936001632
São Paulo,2022-08-01,38.916246158874934,40.576328663349486,0.6936001632
São Paulo,2022-09-01,39.33115039114318,41.01454389551991,0.6936001632
São Paulo,2022-10-01,40.02735205575079,41.69777368248404,0.6936001632
São Paulo,2022-11-01,40.36597447261302,41.92520428081817,0.6936001632
São Paulo,2022-12-01,40.871526968669706,42.22037580886667,0.6936001632
