ts_date,name_city,name_zone,price_contract
2020-01-01,Belo Horizonte,Centro Sul,6115.079365079366
2020-01-01,Belo Horizonte,Leste,4264.70588235294
2020-01-01,Belo Horizonte,Nordeste,4148.14814814815
2020-01-01,Belo Horizonte,Noroeste,3901.9943276459753
2020-01-01,Belo Horizonte,Oeste,4458.3604424203
2020-01-01,Belo Horizonte,Pampulha,4267.857142857145
2020-01-01,São Paulo,Centro,6666.66666666667
2020-01-01,São Paulo,Centro Oeste,11706.89655172414
2020-01-01,São Paulo,Centro Sul,9046.51162790698
2020-04-01,Belo Horizonte,Centro Sul,5362.31884057971
2020-04-01,Belo Horizonte,Leste,4220.77922077922
2020-04-01,Belo Horizonte,Nordeste,4388.004895960836
2020-04-01,Belo Horizonte,Noroeste,3822.58064516129
2020-04-01,Belo Horizonte,Oeste,3969.69696969697
2020-04-01,Belo Horizonte,Pampulha,4250
2020-04-01,São Paulo,Centro,5652.254249815225
2020-04-01,São Paulo,Centro Oeste,7534.24657534247
2020-04-01,São Paulo,Centro Sul,9619.277108433736
2020-04-01,São Paulo,Leste I,6453.15734989648
2020-04-01,São Paulo,Oeste,4948.71794871795
2020-07-01,Belo Horizonte,Centro Sul,5914.545454545455
2020-07-01,Belo Horizonte,Leste,4527.77777777778
2020-07-01,Belo Horizonte,Nordeste,4369.04761904762
2020-07-01,Belo Horizonte,Noroeste,3375
2020-07-01,Belo Horizonte,Oeste,4406.89655172414
2020-07-01,Belo Horizonte,Pampulha,4334.963816671136
2020-07-01,Rio de Janeiro,Centro,5333.33333333333
2020-07-01,Rio de Janeiro,Norte,4014.4654088050343
2020-07-01,Rio de Janeiro,Oeste,5384.61538461539
2020-07-01,Rio de Janeiro,Sul,9569.85294117645
2020-07-01,São Paulo,Centro,6865.67164179105
2020-07-01,São Paulo,Centro Oeste,8400
2020-07-01,São Paulo,Centro Sul,7916.66666666667
2020-07-01,São Paulo,Leste I,6000
2020-07-01,São Paulo,Leste II,3339.814814814815
2020-07-01,São Paulo,Norte,5543.75
2020-07-01,São Paulo,Oeste,5204.166666666665
2020-07-01,São Paulo,Sul,5866.66666666667
2020-10-01,Belo Horizonte,Barreiro,4384
2020-10-01,Belo Horizonte,Centro Sul,6666.66666666667
2020-10-01,Belo Horizonte,Leste,4836.36363636364
2020-10-01,Belo Horizonte,Nordeste,4832.1678321678355
2020-10-01,Belo Horizonte,Noroeste,4120.772946859905
2020-10-01,Belo Horizonte,Norte,2847.22222222222
2020-10-01,Belo Horizonte,Oeste,4815.888554216865
2020-10-01,Belo Horizonte,Pampulha,4489.79591836735
2020-10-01,Rio de Janeiro,Centro,5307.7464788732395
2020-10-01,Rio de Janeiro,Norte,4800
2020-10-01,Rio de Janeiro,Oeste,4430.195663670014
2020-10-01,Rio de Janeiro,Sul,10500
2020-10-01,São Paulo,Centro,6794.8717948718
2020-10-01,São Paulo,Centro Oeste,8642.005157962605
2020-10-01,São Paulo,Centro Sul,8214.28571428571
2020-10-01,São Paulo,Leste I,5800
2020-10-01,São Paulo,Leste II,4166.66666666667
2020-10-01,São Paulo,Norte,5359.375
2020-10-01,São Paulo,Oeste,5319.786096256685
2020-10-01,São Paulo,Sul,6300
2021-01-01,Belo Horizonte,Centro Sul,6618.84236453202
2021-01-01,Belo Horizonte,Leste,4256.147540983605
2021-01-01,Belo Horizonte,Nordeste,4442.008486562945
2021-01-01,Belo Horizonte,Noroeste,4305.263157894735
2021-01-01,Belo Horizonte,Norte,3937.5
2021-01-01,Belo Horizonte,Oeste,4875
2021-01-01,Belo Horizonte,Pampulha,4591.414944356125
2021-01-01,Rio de Janeiro,Centro,4210.52631578947
2021-01-01,Rio de Janeiro,Norte,3485.29411764706
2021-01-01,Rio de Janeiro,Oeste,5227.27272727273
2021-01-01,Rio de Janeiro,Sul,10650
2021-01-01,São Paulo,Centro,6913.832199546485
2021-01-01,São Paulo,Centro Oeste,9285.71428571429
2021-01-01,São Paulo,Centro Sul,8098.599137931034
2021-01-01,São Paulo,Leste I,5707.142857142855
2021-01-01,São Paulo,Leste II,4736.84210526316
2021-01-01,São Paulo,Norte,5657.142857142855
2021-01-01,São Paulo,Oeste,5274.436090225565
2021-01-01,São Paulo,Sul,6155.4252199413495
2021-04-01,Belo Horizonte,Centro Sul,6591.666666666665
2021-04-01,Belo Horizonte,Leste,4374.879413467105
2021-04-01,Belo Horizonte,Nordeste,4555.555555555555
2021-04-01,Belo Horizonte,Noroeste,4233.766233766235
2021-04-01,Belo Horizonte,Norte,3267.906976744185
2021-04-01,Belo Horizonte,Oeste,4439.895470383275
2021-04-01,Belo Horizonte,Pampulha,4625
2021-04-01,Rio de Janeiro,Centro,5400
2021-04-01,Rio de Janeiro,Norte,3355.855855855855
2021-04-01,Rio de Janeiro,Oeste,5131.57894736842
2021-04-01,Rio de Janeiro,Sul,10000
2021-04-01,São Paulo,Centro,6929.82456140351
2021-04-01,São Paulo,Centro Oeste,9500
2021-04-01,São Paulo,Centro Sul,7834.577114427861
2021-04-01,São Paulo,Leste I,5955.11627906977
2021-04-01,São Paulo,Leste II,4586.81408681409
2021-04-01,São Paulo,Norte,5464.285714285716
2021-04-01,São Paulo,Oeste,5625
2021-04-01,São Paulo,Sul,5806.45161290323
2021-07-01,Belo Horizonte,Centro Sul,6055.059523809525
2021-07-01,Belo Horizonte,Leste,4428.57142857143
2021-07-01,Belo Horizonte,Nordeste,4421.05263157895
2021-07-01,Belo Horizonte,Noroeste,3933.33333333333
2021-07-01,Belo Horizonte,Norte,3500
2021-07-01,Belo Horizonte,Oeste,4680.85106382979
2021-07-01,Belo Horizonte,Pampulha,4375
2021-07-01,Rio de Janeiro,Centro,5200
2021-07-01,Rio de Janeiro,Norte,3589.74358974359
2021-07-01,Rio de Janeiro,Oeste,5187.5
2021-07-01,Rio de Janeiro,Sul,10000
2021-07-01,São Paulo,Centro,6959.45945945946
2021-07-01,São Paulo,Centro Oeste,9183.67346938776
2021-07-01,São Paulo,Centro Sul,8250
2021-07-01,São Paulo,Leste I,5795.45454545455
2021-07-01,São Paulo,Leste II,4142.65536723164
2021-07-01,São Paulo,Norte,5510.28735632184
2021-07-01,São Paulo,Oeste,5729.16666666667
2021-07-01,São Paulo,Sul,5176.296296296296
2021-10-01,Belo Horizonte,Centro Sul,5600
2021-10-01,Belo Horizonte,Leste,4512.19512195122
2021-10-01,Belo Horizonte,Nordeste,4527.02702702703
2021-10-01,Belo Horizonte,Noroeste,3801.20481927711
2021-10-01,Belo Horizonte,Norte,3566.176470588235
2021-10-01,Belo Horizonte,Oeste,5056.1797752809
2021-10-01,Belo Horizonte,Pampulha,4058.82352941177
2021-10-01,Rio de Janeiro,Centro,5312.5
2021-10-01,Rio de Janeiro,Norte,3728.4482758620697
2021-10-01,Rio de Janeiro,Oeste,4612.29946524064
2021-10-01,Rio de Janeiro,Sul,10781.25
2021-10-01,São Paulo,Centro,7102.678571428571
2021-10-01,São Paulo,Centro Oeste,9929.3315448245
2021-10-01,São Paulo,Centro Sul,8226.98412698413
2021-10-01,São Paulo,Leste I,5833.33333333333
2021-10-01,São Paulo,Leste II,4539.68253968254
2021-10-01,São Paulo,Norte,5714.28571428571
2021-10-01,São Paulo,Oeste,5535.71428571429
2021-10-01,São Paulo,Sul,5514.455782312925
2022-01-01,Belo Horizonte,Centro Sul,5910.321758521824
2022-01-01,Belo Horizonte,Leste,4775.919732441471
2022-01-01,Belo Horizonte,Nordeste,4777.47252747253
2022-01-01,Belo Horizonte,Noroeste,3866.176470588235
2022-01-01,Belo Horizonte,Norte,3728.71572871573
2022-01-01,Belo Horizonte,Oeste,4750
2022-01-01,Belo Horizonte,Pampulha,4583.33333333333
2022-01-01,Rio de Janeiro,Centro,4968.840579710145
2022-01-01,Rio de Janeiro,Norte,4166.66666666667
2022-01-01,Rio de Janeiro,Oeste,4658.3850931677
2022-01-01,Rio de Janeiro,Sul,10250
2022-01-01,São Paulo,Centro,6541.66666666667
2022-01-01,São Paulo,Centro Oeste,9200
2022-01-01,São Paulo,Centro Sul,8740.671641791045
2022-01-01,São Paulo,Leste I,6183.805418719216
2022-01-01,São Paulo,Leste II,4733.33333333333
2022-01-01,São Paulo,Norte,5885.95
2022-01-01,São Paulo,Oeste,5816.32653061225
2022-01-01,São Paulo,Sul,5918.36734693878
2022-04-01,Belo Horizonte,Barreiro,3687.943262411345
2022-04-01,Belo Horizonte,Centro Sul,6359.856415006951
2022-04-01,Belo Horizonte,Leste,4777.77777777778
2022-04-01,Belo Horizonte,Nordeste,4602.048857368005
2022-04-01,Belo Horizonte,Noroeste,3979.61956521739
2022-04-01,Belo Horizonte,Norte,3490.80023364486
2022-04-01,Belo Horizonte,Oeste,4470.7692307692305
2022-04-01,Belo Horizonte,Pampulha,4418.60465116279
2022-04-01,Rio de Janeiro,Centro,5238.09523809524
2022-04-01,Rio de Janeiro,Norte,4047.61904761905
2022-04-01,Rio de Janeiro,Oeste,4693.87755102041
2022-04-01,Rio de Janeiro,Sul,11036.36363636365
2022-04-01,São Paulo,Centro,7073.17073170732
2022-04-01,São Paulo,Centro Oeste,10937.5
2022-04-01,São Paulo,Centro Sul,8273.958333333336
2022-04-01,São Paulo,Leste I,6017.241379310345
2022-04-01,São Paulo,Leste II,4500
2022-04-01,São Paulo,Norte,5656.105457909345
2022-04-01,São Paulo,Oeste,5687.20379146919
2022-04-01,São Paulo,Sul,5708.472686733555
2022-07-01,Belo Horizonte,Barreiro,3038.46153846154
2022-07-01,Belo Horizonte,Centro Sul,6808.51063829787
2022-07-01,Belo Horizonte,Leste,4519.77401129944
2022-07-01,Belo Horizonte,Nordeste,4705.88235294118
2022-07-01,Belo Horizonte,Noroeste,3977.27272727273
2022-07-01,Belo Horizonte,Norte,3972.916666666665
2022-07-01,Belo Horizonte,Oeste,4673.75886524823
2022-07-01,Belo Horizonte,Pampulha,4352.94117647059
2022-07-01,Rio de Janeiro,Centro,5883.870967741936
2022-07-01,Rio de Janeiro,Norte,4348.0907581627
2022-07-01,Rio de Janeiro,Oeste,5368.85245901639
2022-07-01,Rio de Janeiro,Sul,10000
2022-07-01,São Paulo,Centro,6967.2131147541
2022-07-01,São Paulo,Centro Oeste,10417.6851186197
2022-07-01,São Paulo,Centro Sul,8253.19771921714
2022-07-01,São Paulo,Leste I,5891.1111111111095
2022-07-01,São Paulo,Leste II,4705.88235294118
2022-07-01,São Paulo,Norte,5809.81717011129
2022-07-01,São Paulo,Oeste,6080.882352941175
2022-07-01,São Paulo,Sul,5637.330754352035
2022-10-01,Belo Horizonte,Barreiro,4628.787878787875
2022-10-01,Belo Horizonte,Centro Sul,6363.63636363636
2022-10-01,Belo Horizonte,Leste,4366.1525974026
2022-10-01,Belo Horizonte,Nordeste,4523.80952380952
2022-10-01,Belo Horizonte,Noroeste,3750
2022-10-01,Belo Horizonte,Norte,3666.66666666667
2022-10-01,Belo Horizonte,Oeste,4428.57142857143
2022-10-01,Belo Horizonte,Pampulha,4418.5897435897405
2022-10-01,Rio de Janeiro,Centro,5630.96111518709
2022-10-01,Rio de Janeiro,Norte,4335.7843137254895
2022-10-01,Rio de Janeiro,Oeste,5012.254901960785
2022-10-01,Rio de Janeiro,Sul,9498.48484848485
2022-10-01,São Paulo,Centro,7173.6111111111095
2022-10-01,São Paulo,Centro Oeste,10500
2022-10-01,São Paulo,Centro Sul,8320.51282051282
2022-10-01,São Paulo,Leste I,6157.738095238095
2022-10-01,São Paulo,Leste II,4642.85714285714
2022-10-01,São Paulo,Norte,5916.66666666667
2022-10-01,São Paulo,Oeste,6255.16795865633
2022-10-01,São Paulo,Sul,5669.642857142855
2023-01-01,Belo Horizonte,Barreiro,3582.08955223881
2023-01-01,Belo Horizonte,Centro Sul,5416.66666666667
2023-01-01,Belo Horizonte,Leste,4882.35294117647
2023-01-01,Belo Horizonte,Nordeste,4631.57894736842
2023-01-01,Belo Horizonte,Noroeste,3890.1098901098903
2023-01-01,Belo Horizonte,Norte,3392.85714285714
2023-01-01,Belo Horizonte,Oeste,4833.33333333333
2023-01-01,Belo Horizonte,Pampulha,4257.42574257426
2023-01-01,Rio de Janeiro,Centro,5384.61538461539
2023-01-01,Rio de Janeiro,Norte,3863.13713592233
2023-01-01,Rio de Janeiro,Oeste,5000
2023-01-01,Rio de Janeiro,Sul,9769.23076923077
2023-01-01,São Paulo,Centro,7107.21062618596
2023-01-01,São Paulo,Centro Oeste,9758.06451612903
2023-01-01,São Paulo,Centro Sul,8833.33333333333
2023-01-01,São Paulo,Leste I,6142.85714285714
2023-01-01,São Paulo,Leste II,4795.91836734694
2023-01-01,São Paulo,Norte,5833.33333333333
2023-01-01,São Paulo,Oeste,6086.95652173913
2023-01-01,São Paulo,Sul,5966.66666666667
2023-04-01,Belo Horizonte,Barreiro,3686.214775323685
2023-04-01,Belo Horizonte,Centro Sul,6035.714285714284
2023-04-01,Belo Horizonte,Leste,4909.09090909091
2023-04-01,Belo Horizonte,Nordeste,4722.22222222222
2023-04-01,Belo Horizonte,Noroeste,4000
2023-04-01,Belo Horizonte,Norte,3413.33333333333
2023-04-01,Belo Horizonte,Oeste,4898.989898989899
2023-04-01,Belo Horizonte,Pampulha,4600
2023-04-01,Rio de Janeiro,Centro,4810.12658227848
2023-04-01,Rio de Janeiro,Norte,4336.28318584071
2023-04-01,Rio de Janeiro,Oeste,5078.980099502485
2023-04-01,Rio de Janeiro,Sul,10337.0786516854
2023-04-01,São Paulo,Centro,6937.5
2023-04-01,São Paulo,Centro Oeste,10553.2786885246
2023-04-01,São Paulo,Centro Sul,8600
2023-04-01,São Paulo,Leste I,6490.74074074074
2023-04-01,São Paulo,Leste II,5158.47665847666
2023-04-01,São Paulo,Norte,6181.81818181818
2023-04-01,São Paulo,Oeste,6346.15384615385
2023-04-01,São Paulo,Sul,5977.804878048781
2023-07-01,Belo Horizonte,Centro Sul,5775
2023-07-01,Belo Horizonte,Leste,4952.729430379744
2023-07-01,Belo Horizonte,Nordeste,4863.5444743935295
2023-07-01,Belo Horizonte,Noroeste,3807.69230769231
2023-07-01,Belo Horizonte,Norte,3387.09677419355
2023-07-01,Belo Horizonte,Oeste,5047.61904761905
2023-07-01,Belo Horizonte,Pampulha,4315.78947368421
2023-07-01,Rio de Janeiro,Centro,4228.78787878788
2023-07-01,Rio de Janeiro,Norte,4324.32432432432
2023-07-01,Rio de Janeiro,Oeste,4791.66666666667
2023-07-01,Rio de Janeiro,Sul,9863.63636363636
2023-07-01,São Paulo,Centro,6750
2023-07-01,São Paulo,Centro Oeste,10262.13813540005
2023-07-01,São Paulo,Centro Sul,9142.85714285714
2023-07-01,São Paulo,Leste I,6433.955223880595
2023-07-01,São Paulo,Leste II,4901.76470588235
2023-07-01,São Paulo,Norte,5964.91228070176
2023-07-01,São Paulo,Oeste,6150
2023-07-01,São Paulo,Sul,5761.790714812085
